Species,Codon,Amino_Acid,RSCU,Count
H. sapiens,TTT,F,1.285140562248996,160
H. sapiens,TTC,F,0.714859437751004,89
H. sapiens,TTA,L,0.42172523961661346,44
H. sapiens,TTG,L,1.1118210862619808,116
H. sapiens,CTT,L,1.0159744408945688,106
H. sapiens,CTC,L,1.0830670926517572,113
H. sapiens,CTA,L,0.5175718849840256,54
H. sapiens,CTG,L,1.8498402555910545,193
H. sapiens,TCT,S,1.039451114922813,101
H. sapiens,TCC,S,0.9365351629502573,91
H. sapiens,TCA,S,1.3481989708404802,131
H. sapiens,TCG,S,0.4734133790737564,46
H. sapiens,AGT,S,0.6998284734133791,68
H. sapiens,AGC,S,1.5025728987993139,146
H. sapiens,TAT,Y,0.8035714285714286,45
H. sapiens,TAC,Y,1.1964285714285714,67
H. sapiens,TGT,C,0.9527896995708155,111
H. sapiens,TGC,C,1.0472103004291846,122
H. sapiens,TGG,W,1.0,211
H. sapiens,CCT,P,0.9565217391304348,99
H. sapiens,CCC,P,1.2946859903381642,134
H. sapiens,CCA,P,1.4492753623188406,150
H. sapiens,CCG,P,0.2995169082125604,31
H. sapiens,CAT,H,0.8304093567251462,71
H. sapiens,CAC,H,1.1695906432748537,100
H. sapiens,CAA,Q,0.7171717171717171,71
H. sapiens,CAG,Q,1.2828282828282829,127
H. sapiens,CGT,R,0.34866828087167073,24
H. sapiens,CGC,R,0.6537530266343826,45
H. sapiens,CGA,R,0.21791767554479421,15
H. sapiens,CGG,R,0.3922518159806296,27
H. sapiens,AGA,R,2.5859564164648914,178
H. sapiens,AGG,R,1.801452784503632,124
H. sapiens,ATT,I,0.974025974025974,75
H. sapiens,ATC,I,1.0,77
H. sapiens,ATA,I,1.025974025974026,79
H. sapiens,ATG,M,1.0,147
H. sapiens,ACT,T,0.937799043062201,98
H. sapiens,ACC,T,0.8803827751196173,92
H. sapiens,ACA,T,1.3205741626794258,138
H. sapiens,ACG,T,0.861244019138756,90
H. sapiens,AAT,N,1.0588235294117647,90
H. sapiens,AAC,N,0.9411764705882353,80
H. sapiens,AAA,K,1.0476190476190477,176
H. sapiens,AAG,K,0.9523809523809523,160
H. sapiens,GTT,V,0.8025889967637541,62
H. sapiens,GTC,V,0.7637540453074434,59
H. sapiens,GTA,V,0.5954692556634305,46
H. sapiens,GTG,V,1.838187702265372,142
H. sapiens,GCT,A,1.1050228310502284,121
H. sapiens,GCC,A,1.004566210045662,110
H. sapiens,GCA,A,1.5616438356164384,171
H. sapiens,GCG,A,0.3287671232876712,36
H. sapiens,GAT,D,1.0526315789473684,80
H. sapiens,GAC,D,0.9473684210526315,72
H. sapiens,GAA,E,1.0404624277456647,90
H. sapiens,GAG,E,0.9595375722543352,83
H. sapiens,GGT,G,0.7957559681697612,75
H. sapiens,GGC,G,1.0716180371352786,101
H. sapiens,GGA,G,1.0291777188328912,97
H. sapiens,GGG,G,1.103448275862069,104
A. thaliana (chloroplast),TTT,F,1.3932584269662922,496
A. thaliana (chloroplast),TTC,F,0.6067415730337079,216
A. thaliana (chloroplast),TTA,L,2.2973977695167287,515
A. thaliana (chloroplast),TTG,L,1.1107806691449815,249
A. thaliana (chloroplast),CTT,L,1.2446096654275094,279
A. thaliana (chloroplast),CTC,L,0.2855018587360595,64
A. thaliana (chloroplast),CTA,L,0.758364312267658,170
A. thaliana (chloroplast),CTG,L,0.3033457249070632,68
A. thaliana (chloroplast),TCT,S,1.7580466148723641,264
A. thaliana (chloroplast),TCC,S,0.8856825749167592,133
A. thaliana (chloroplast),TCA,S,0.9855715871254163,148
A. thaliana (chloroplast),TCG,S,0.5926748057713652,89
A. thaliana (chloroplast),AGT,S,1.458379578246393,219
A. thaliana (chloroplast),AGC,S,0.3196448390677026,48
A. thaliana (chloroplast),TAT,Y,1.6591375770020533,404
A. thaliana (chloroplast),TAC,Y,0.3408624229979466,83
A. thaliana (chloroplast),TGT,C,1.5405405405405406,114
A. thaliana (chloroplast),TGC,C,0.4594594594594595,34
A. thaliana (chloroplast),TGG,W,1.0,237
A. thaliana (chloroplast),CCT,P,1.6013745704467355,233
A. thaliana (chloroplast),CCC,P,0.7353951890034365,107
A. thaliana (chloroplast),CCA,P,1.127147766323024,164
A. thaliana (chloroplast),CCG,P,0.5360824742268041,78
A. thaliana (chloroplast),CAT,H,1.4926253687315634,253
A. thaliana (chloroplast),CAC,H,0.5073746312684366,86
A. thaliana (chloroplast),CAA,Q,1.5777351247600768,411
A. thaliana (chloroplast),CAG,Q,0.42226487523992323,110
A. thaliana (chloroplast),CGT,R,1.5108958837772397,208
A. thaliana (chloroplast),CGC,R,0.5302663438256658,73
A. thaliana (chloroplast),CGA,R,1.4237288135593222,196
A. thaliana (chloroplast),CGG,R,0.48668280871670705,67
A. thaliana (chloroplast),AGA,R,1.5690072639225183,216
A. thaliana (chloroplast),AGG,R,0.4794188861985472,66
A. thaliana (chloroplast),ATT,I,1.5858310626702998,582
A. thaliana (chloroplast),ATC,I,0.55858310626703,205
A. thaliana (chloroplast),ATA,I,0.8555858310626703,314
A. thaliana (chloroplast),ATG,M,1.0,276
A. thaliana (chloroplast),ACT,T,1.6371308016877637,291
A. thaliana (chloroplast),ACC,T,0.7988748241912799,142
A. thaliana (chloroplast),ACA,T,1.1870604781997187,211
A. thaliana (chloroplast),ACG,T,0.3769338959212377,67
A. thaliana (chloroplast),AAT,N,1.5186440677966102,448
A. thaliana (chloroplast),AAC,N,0.48135593220338985,142
A. thaliana (chloroplast),AAA,K,1.5773353751914243,515
A. thaliana (chloroplast),AAG,K,0.4226646248085758,138
A. thaliana (chloroplast),GTT,V,1.4767726161369192,302
A. thaliana (chloroplast),GTC,V,0.4400977995110024,90
A. thaliana (chloroplast),GTA,V,1.4914425427872862,305
A. thaliana (chloroplast),GTG,V,0.5916870415647921,121
A. thaliana (chloroplast),GCT,A,1.944055944055944,417
A. thaliana (chloroplast),GCC,A,0.5734265734265734,123
A. thaliana (chloroplast),GCA,A,1.0256410256410255,220
A. thaliana (chloroplast),GCG,A,0.4568764568764569,98
A. thaliana (chloroplast),GAT,D,1.581573896353167,412
A. thaliana (chloroplast),GAC,D,0.418426103646833,109
A. thaliana (chloroplast),GAA,E,1.5598349381017882,567
A. thaliana (chloroplast),GAG,E,0.4401650618982118,160
A. thaliana (chloroplast),GGT,G,1.397497593840231,363
A. thaliana (chloroplast),GGC,G,0.4273339749759384,111
A. thaliana (chloroplast),GGA,G,1.509143407122233,392
A. thaliana (chloroplast),GGG,G,0.6660250240615977,173
